CEDULA,VEHICULO
8209458,Explorer
1274680,C-Class
5277136,SL-Class
8566298,Miata MX-5
4242360,Quest
4519641,Ram 1500
4143321,XC90
1986713,9-3
5209282,Camaro
5051697,4Runner
1679689,370Z
9421107,MX-5
7540706,Canyon
7630747,Mazda6
7309926,J
2553947,Avalanche 2500
2136190,S-Class
3871567,Ram 2500
9147269,LeSabre
9051912,Savana 1500
3245318,Town Car
1822881,164
2459226,RL
3997478,APV
5467611,Galant
9133806,Magnum
5458609,Equinox
8873651,100
9161712,M-Class
4534573,200
7649821,Pilot
7109957,Continental
9264789,6000
3659904,G-Class
4395880,CX-9
4494769,Sebring
1674698,Camry Hybrid
9391472,Lancer Evolution
2189510,Acadia
4663476,MKZ
4628848,370Z
6350457,Reliant
4180935,Land Cruiser
4671582,ES
2103869,G3
9541896,CR-V
9510766,Grand Marquis
3189242,Loyale
5455121,Compass
2984962,E250
2442408,Alpina B7
6854277,GS
4198265,Cutlass
3051338,MR2
6862998,Caravan
1168463,Suburban 2500
2588616,90
5239076,Mulsanne
1342815,Yukon
1637142,Phaeton
5314303,G
6617013,Trans Sport
7698969,Corolla
2903335,i-Series
3849169,H1
1587152,Ram 2500 Club
4588036,Mariner
3063499,Riviera
4079598,Grand Prix
5101077,LSS
8504424,80
6298761,B9 Tribeca
3663508,Envoy
3055036,Grand Caravan
4371878,9-7X
4008550,300ZX
1692084,G37
1898027,3500
8576788,Expedition EL
4248808,SLK-Class
9772819,Q7
3896784,57
7705558,S-Type
8003820,6000
9402401,A4
5040483,Montero
7366390,Beretta
6879907,Civic Si
5293791,Altima
6418427,Malibu
1705241,Grand Marquis
9781868,Rodeo
8250236,Suburban 1500
8853451,Versa
4177859,LeSabre
3963787,3000GT
4092423,Civic
7366202,TrailBlazer
3608789,Avenger
1644980,Firebird
3468714,Grand Voyager
2829293,Cabriolet
6819759,Probe
6530848,V50
1961207,Expedition
9033616,B-Series
4581620,B-Series
7438203,S90
1761768,X6 M
9522493,SLK-Class
2300809,Alero
6996390,Achieva
1955585,Accord
9357998,Grand Marquis
8308171,Express 3500
4921154,Corvette
1380508,Montero
8679704,Sportage
3154696,Truck
8025524,EX
4082450,Silverado
7251366,VUE
2022816,Grand Am
4872493,Golf
4500907,Range Rover
3529842,Elantra
2757607,Rally Wagon G3500
4482617,Sunbird
5918349,Roadster
4724072,V70
5035464,Thunderbird
2560903,Stratus
5871148,Civic
3150394,Outlook
4861912,Stratus
7797292,Quest
5695875,Armada
9871346,Axiom
2054695,Yukon XL 1500
6816752,Taurus X
9826051,Expedition
1441831,Continental GT
7347452,Titan
8088142,Montero
7865785,Viper RT/10
3279160,C70
5326911,MX-5
7380389,Civic
6138452,A6
5668861,Fortwo
8058144,Astro
2372258,Rodeo Sport
4330321,Crown Victoria
7188271,RL
3702294,E-Series
6195247,Stratus
2873576,S80
9920669,900
5709896,Skyhawk
7886980,G-Class
3259795,A8
4879248,Veyron
6510886,Equinox
5475611,QX56
1879004,Previa
2251788,X3
4151678,Mountaineer
8500350,Sable
3776106,Astro
7908129,F-350 Super Duty
6033189,A4
6003397,Riviera
8363276,Ram 1500 Club
9973970,Bonneville
7337402,Yukon XL 2500
7402795,Charger
5672460,Explorer Sport Trac
1132026,Ram 1500
9064166,SRX
3022919,Quattroporte
5799419,Scirocco
6733890,1500
1690451,Town & Country
3977447,Rainier
7698323,LeSabre
7622296,Eurovan
1871707,Chariot
5368409,Yaris
4952486,XL-7
4325773,Dakota
7381034,Town & Country
7732308,EX
9205526,Tribeca
2216594,Flex
1328040,S40
5586871,Legacy
3814258,Tacoma
3547488,Cherokee
1604427,500SEL
4691230,Quest
5872997,Expedition
8778057,4Runner
7740796,240SX
7338592,DB9
3595652,LaCrosse
1519834,Aztek
9671281,GS
9463994,Jetta
1902466,Colorado
4252570,Silverado 1500
3682159,Esprit
2431869,F-Series
9028845,Elantra
4949486,Town & Country
9172201,6 Series
9151101,Quest
1808540,Metro
8807393,Explorer
2805562,Pathfinder
6453173,SL-Class
4638284,1 Series
6955117,3500
1545116,Axiom
5577839,Spectra
3108990,Montero
9515493,Camry
2958167,X-Type
6237016,Freestar
4701579,Suburban 2500
7828320,Legacy
7793660,300SL
2368679,LeMans
5233203,Golf
5642116,Quest
1790654,Grand Prix
9289969,Silverado 1500
2022118,Talon
3401364,Galant
3527573,Celica
6166405,Bravada
3980650,Mustang
7105658,Passat
5828389,600SEC
7214299,Express 1500
8496010,VUE
5608231,Navigator
4487721,LTD Crown Victoria
5367138,Econoline E150
3153385,Sable
9687918,F150
9777978,NSX
6508210,57
3153106,M-Class
8221606,M3
9253324,Bronco II
7427817,Civic
6486278,Echo
4057366,Avanti
8350145,G
7565900,Fleetwood
5039641,Arnage
9076019,Pathfinder
9791816,Ram Van 2500
3340528,Ranger
9100513,Express 1500
3085803,Seville
2056917,Regal
3006890,Sierra
9277181,Bonneville
8055068,Topaz
4427408,RX-8
2246291,Echo
1188680,Fiero
7235528,Tempo
5464105,GLI
9072376,Tiburon
9324957,DTS
5803233,Legacy
4566313,Explorer
6202947,MR2
9388095,Express 1500
6892461,928
8440054,Venza
7133475,xD
6355657,Endeavor
5787705,SL-Class
2109981,CC
7506089,Grand Prix
9361933,M-Class
3725105,2500 Club Coupe
9289101,Sundance
5995569,3 Series
2504664,550
3511880,F-Series Super Duty
7358625,MPV
6152257,545
4983172,Sentra
8961677,Sonata
6125176,Pajero
8947940,Windstar
4781966,Maxima
8624380,Yukon
9154220,B2500
1776614,Diablo
9581156,Mark VII
4484266,9000
9417789,Silverado 1500
6631313,Electra
1393169,Magnum
5387239,H3
5437917,Econoline E150
6147729,Suburban 1500
4058197,Sportvan G30
7133001,Lumina
4973512,Jetta
9790350,X6
7598160,LR3
4631041,Century
7783869,C8
4730378,S-Class
3833466,Scoupe
1539340,FX
8989338,940
9137530,XJ Series
1235632,Monterey
9543005,Grand Am
5038361,XL-7
3857721,Marauder
9889105,xD
4585449,rio
9116474,RSX
5159639,Corvette
9364294,Century
9278567,QX56
8602916,Camaro
6942428,Ram 2500
5184087,Firebird
7867817,Spyder
6253384,Sienna
8474408,ZDX
8400417,Camry
8139680,Borrego
7994606,Precis
4776222,RX-7
2475142,GTO
4877605,Cayenne
9770805,Daewoo Magnus
4365570,Navigator
4825633,Santa Fe
3879462,F350
6027818,E-Class
4130748,Frontier
3539636,H2
4770675,NX
9294596,Maxima
6498216,Grand Marquis
3520276,Golf III
9873365,Pathfinder
7342958,Tredia
3823672,Space
5062895,Journey
4777888,Legacy
4292758,Explorer
4099981,Escalade ESV
2799880,Millenia
8053685,Durango
8246670,XC90
4755303,Cooper
2910950,Town Car
4699626,Avalanche 1500
7414272,Silverado 3500
4439650,G
5262648,Ram Wagon B250
6409360,530
6545864,Mystique
7113991,Grand Prix
5971909,Escalade
6263238,X5
9737910,Brooklands
1741278,Jetta
6268509,Sonata
7348197,I
1487071,New Beetle
2798386,XJ
8407155,Savana
7047596,Durango
3788330,Esprit
9182411,Dakota
2721770,Tredia
5596259,Sierra 1500
8583495,GT
9167943,Continental
9671307,Tercel
4928523,Neon
4465361,Sable
2134033,R-Class
7953587,Rodeo
5041574,Econoline E350
7249113,Accord
4061670,4Runner
3979958,7 Series
7881678,S-Series
1227813,GTI
2288037,LaCrosse
6556472,Ram Wagon B150
7969075,Breeze
1577695,Corvette
1943847,Cooper Countryman
8653361,Outback
8228922,Jetta
2823340,F450
4760913,Ranger
9791504,TrailBlazer
6347377,Park Avenue
5774421,Azure
8487859,Esprit
8433823,A4
8864006,911
7669980,929
6986041,Azure
7686808,Corvette
5508051,530
4867893,Solara
1906008,Montero
9181083,Insight
9912326,Esprit
7445065,XJ Series
9205122,Dakota Club
6737489,Aztek
5556911,CL-Class
1664733,Express 2500
9173423,Cruze
9088785,Q
1576768,Accent
7497375,Savana
8668424,S6
8995874,Malibu
9264798,Veracruz
5733670,Justy
5448799,LeSabre
2676825,TSX
9137011,Ranger
8874143,3500
7889988,M
7752229,Mazdaspeed 3
7911058,400E
2156346,Azera
4731543,Stealth
7448835,E150
3173990,Ascender
8385420,S-Type
5650046,Bronco
1219714,SLS AMG
4879270,Esprit
1121704,Suburban 2500
8276207,Suburban 1500
7938644,G6
6970018,RX-7
7943270,M5
6203687,Crown Victoria
3272133,944
7853547,Diamante
7315722,Lucerne
5939752,Dakota
7424135,Corolla
7764743,Patriot
2752647,Cutlass
7827573,Grand Vitara
6237491,Grand Am
3727391,Grand Prix
8351464,Corvette
5458638,Caravan
4372328,Express 1500
8774471,Amigo
7725496,Tracer
7451038,M3
6752363,SX4
9766368,Truck
3711517,Maxima
3338902,Reatta
6568281,Sierra 3500
4205128,Savana 1500
1384280,968
8990385,M
5213228,Grand Marquis
8643955,Fiero
9660928,Azure
4418983,Sable
5409334,Express 1500
3879517,Entourage
1365241,Diamante
9580200,F150
7134498,Escort
4481685,Celica
2733368,S5
2523165,Element
1628502,Escort
4136243,Mustang
3560194,LeSabre
6683884,Concorde
5213238,Silverado 1500
7381424,Outback
5418170,Suburban 2500
4042101,Range Rover Evoque
2743718,Pacifica
6598222,98
9012964,Touareg 2
5513705,Veracruz
6334655,Neon
4729646,Monterey
6951049,599 GTB Fiorano
6215345,Prizm
3202500,911
1476138,NX
2542496,Sienna
6692310,Corvair 500
6076652,SLR McLaren
9975506,Titan
7234279,1 Series
5258078,Suburban 2500
3869459,Equator
6352122,Prizm
8765823,Monte Carlo
1315171,Taurus
4532744,Pilot
7837098,Carens
3837442,Phantom
5275434,Equinox
4713338,Contour
2336161,Grand Prix
3742566,E-Series
1764027,Cherokee
5062399,Veloster
8612381,C8
5024409,Courier
9809078,Escort
4312350,Quattroporte
4062594,Samurai
5663028,Grand Caravan
6171560,LSS
2256676,E-350 Super Duty
3253217,Highlander
5960776,Rodeo
8142531,Ipsum
1501027,F450
6421681,Mark VIII
5167811,Fiero
7180649,Shadow
1759320,DB9
3364412,Z4
7717457,Econoline E250
7469722,Justy
5802077,DBS
1945019,Sonoma
5331779,Regal
6187095,Econoline E150
5063989,Sentra
7445648,Spyder
4217357,Bonneville
8018848,Sentra
8850424,F-Series
8595880,Sienna
9729244,NSX
1234646,Roadmaster
4176078,Taurus
1570283,Caliber
6009224,Vanagon
4066110,Sentra
7780226,Grand Am
9743399,Terraza
2149652,Highlander
4057090,Wrangler
1375321,MKT
8600208,Grand Prix
8318166,Elantra
1483849,Aero 8
4120293,F350
9198840,Land Cruiser
4881783,300SE
1483379,1000
5148831,RS 4
3927300,QX
8249293,Altima
6976574,LTD
8815401,Corvette
7043161,9-5
8755775,2500
1672857,Sebring
2540826,MKX
8479514,Tacoma
4586735,XJ Series
6199726,Impala
3165969,T100
1868460,5 Series
8287361,Cobalt
4810749,Equinox
3847226,Festiva
5866886,X-Type
3099739,Savana 3500
2261500,Avalanche 2500
7690898,Corvette
6634093,S6
3532149,Elantra
4581338,Savana 2500
3673600,Ram 3500
1771694,Avanti
1960366,MR2
1822647,NSX
8365614,Sierra 2500
4495979,M5
9353900,E250
1261779,4Runner
5387329,Grand Prix
6052090,Eclipse
1515142,E-Class
5267208,G-Series G20
5543982,Spirit
3309128,Galant
9244280,525
8634672,Land Cruiser
6676723,Ipsum
9653099,Yukon XL 1500
3787106,Lancer Evolution
7272165,Venture
9396792,Silhouette
8203959,GTI
9675977,Discovery Series II
3854085,Grand Voyager
3043881,V8
5311478,Crown Victoria
2468849,RAV4
9689056,Park Avenue
7940313,Quattroporte
8098343,Frontier
4691399,Insight
8336764,430 Scuderia
9945907,Fusion
7770206,Corsica
6483029,i-280
9203259,Insight
3392128,Chariot
5331493,1500
5672623,Frontier
7711679,323
1196418,Astro
6599703,Capri
3324200,Express 3500
6267943,Camry
2597339,Yukon XL 1500
6304301,IS-F
8827924,GS
4275874,S6
9723861,XC70
3990091,Ranger
8097806,Swift
6586881,RL
9791044,Corvette
2465300,Bonneville
6490950,IS-F
8155792,Coupe GT
7590128,Caprice Classic
8398107,LaCrosse
4437304,Town Car
1135475,Cobalt SS
2029908,Vandura 3500
3193273,Cordia
6301529,V90
5964296,Suburban 1500
6306353,Mirage
8273635,Avanti
2739555,2500
1977164,Defender
1966389,SL-Class
3820040,Escort
8210310,Diablo
9248801,Milan
8210428,200
5606817,Econoline E250
6078618,XT
1464582,B-Series Plus
7574823,Aveo
7828014,Tredia
2900478,Grand Caravan
5289206,Suburban 2500
6536597,Town Car
2386634,Cabriolet
3424515,S40
7373355,Tahoe
9747429,Fiesta
9406924,Intrigue
1788124,Vitara
1604978,Avalanche 2500
6941493,Pathfinder
2042875,SLX
8792511,Maxima
5569062,3500
8366210,Dakota Club
1256553,Amigo
6927608,IS
3881776,Range Rover
2758759,Continental
2299943,Insight
9661960,Galant
9628586,Navigator
2179824,Mustang
6550490,Windstar
2272028,Escalade
6192611,SC
8340242,Avalon
5395082,Continental Flying Spur
9299592,Coupe GT
1549146,B-Series
9090448,XC90
4597959,Quest
6983077,Sierra 2500
7052101,Caravan
5366618,CTS
2731958,Ram Wagon B350
9037166,Leaf
5499817,626
6910459,Sierra 3500
4003488,Eos
7894784,Wrangler
5340035,GranTurismo
2531065,F-Series
7449654,88
3085805,G-Series G20
3760970,Savana 3500
8471260,SX4
5750898,Tacoma Xtra
1474019,Diamante
3435619,F430
3606877,Suburban 2500
7264108,Silverado
3731670,Pilot
4220346,Montero Sport
4308819,Expo
8584140,LS Hybrid
5205421,Sephia
5211579,TT
2828103,SC
7814305,Golf
5836081,Acclaim
3990043,M5
9889318,Avalanche 1500
8495535,Roadmaster
5596986,62
8414105,Mark VII
1654403,MR2
1269541,Magnum
3455600,MX-6
8020305,Lynx
9714163,Explorer Sport Trac
4912874,Express 1500
6901352,Sierra 3500
3777154,Bronco
8883807,Biturbo
8915301,9-5
4303178,Ranger
5966051,Eclipse
5460020,Sprinter
8763447,325
2938332,Camaro
4671441,RVR
9783605,G
4356853,Grand Prix
9471500,600SL
1145821,S-Type
3465606,A4
9094980,Venza
4449452,Avalanche
9783444,Ranger
7050321,Eclipse
7134882,Corsica
4908677,Optima
3804572,Endeavor
2525627,TSX
6419337,Sunbird
5949072,Ramcharger
5344261,Town & Country
8683939,Fusion
1361121,Malibu
2856261,LTD Crown Victoria
8682749,Charger
3354741,Expedition
5821183,Jimmy
5711486,Suburban
8360590,Fox
4936390,Lancer
2156207,Torrent
2114785,Alpina B7
5182697,Cabriolet
9411713,Esprit
3457392,Esprit Turbo
5493776,Yukon XL 2500
3019208,E150
9557267,GX
7881770,530
7710414,Golf III
4241328,Aerostar
3136341,GTO
2017709,E-Series
1871154,Marauder
9787368,Yukon XL 2500
4862902,Regal
7441736,Range Rover
4340795,300M
8354932,MDX
8948535,Rally Wagon 1500
6292776,F250
1227553,Frontier
1566219,SL-Class
3603653,Prowler
3269301,IS
4588358,Impala
9390391,XT
8863167,Venza
7083191,Camry Hybrid
4385835,Tempo
5064936,Escape
8620174,Z3
5681777,Esteem
7415933,Grand Prix
6609091,Blackwood
3767693,Grand Am
9007268,X-90
3707024,Ram Van 3500
6563391,LS
3437302,G
1450866,RX Hybrid
1277594,XT
4799627,Topaz
4127792,Cavalier
6359604,Probe
4098746,GranSport
4833884,Roadmaster
1893344,Altima
3713195,Yukon
4111881,GS
8720518,Thunderbird
2760867,CTS
3344566,Tacoma Xtra
7582872,6 Series
6800364,New Beetle
9206420,Sportage
4890825,Legacy
7381658,430 Scuderia
3765908,LX
7796783,L300
8712205,XC70
6796182,Excursion
6398125,Rainier
5499196,Eclipse
7612982,Fiero
4428461,Quattroporte
5029776,F450
7224272,Ram 1500
4191657,C-Class
4844780,3000GT
6194957,XLR
4370299,300ZX
9600593,Z3
1791302,Corolla
5700721,Ram 3500
6518066,Virage
2958786,Yukon XL 1500
2624899,Continental Super
9605034,Sedona
7128537,RDX
3263724,Crown Victoria
8094977,S40
7174330,Mariner
8652328,Envoy
9693435,MDX
8847382,F250
9079444,F-Series
2556621,626
4723454,3500
9431154,Explorer Sport Trac
8130468,Tiguan
7119511,G3
8134538,Tahoe
2233999,MDX
5981829,Montero Sport
5327978,Explorer Sport
8464321,Envoy
8384750,Explorer Sport
5683073,E-Series
7387846,C8
9161810,200
2655424,Ram 1500
4921460,CL-Class
1477759,TL
7725819,S40
4423306,Rendezvous
1384424,Econoline E150
5063470,Aurora
9962968,DB9
4538450,Fox
9895832,Mustang
8305211,Sidekick
2263736,Eurovan
3437582,Mighty Max
1429385,Integra
3916415,Grand Prix
9901625,E-350 Super Duty Van
6836430,Suburban 2500
6151938,Mariner
6031140,8 Series
3477722,Avalon
8258687,Mustang
4310954,GTI
6703691,Gallardo
1869959,Colt
2487324,W201
5270041,Elan
8599849,Suburban 1500
2934794,Insight
2146625,ZX2
4148073,Explorer
5028824,B-Series Plus
5444406,Galant
5691390,MR2
6536981,430 Scuderia
3384801,Xterra
4392516,Suburban 1500
6890343,3500
8047048,Baja
7430893,Excursion
4477620,TSX
9411756,600
8876617,Stratus
4746138,GS
4363576,Pathfinder
5979638,Seville
7628658,300TE
7427769,323
3863803,Vision
7226582,M-Class
6888043,MX-5
3701338,Ascender
7225641,Vitara
7856253,Mirage
3104210,Suburban 2500
1935141,Matrix
2113487,Continental GT
9175663,Suburban
7649358,SLX
4840418,Equinox
2594689,Cordia
4330587,Tempest
5301481,3000GT
8276295,Thunderbird
5248372,GX
2768498,Transit Connect
1425944,SL-Class
1351172,Accord
2783769,Stealth
1897161,Prelude
4539351,745
6465233,Montero
8830042,Navigator
3640178,Tercel
5094944,CX-9
4854211,Sentra
8063833,Astro
3292003,ES
7536238,Cobalt
7904376,Prelude
8477681,Sable
8544163,Metro
8927495,S80
6497461,Esprit
5650915,Sierra 3500
5355807,Wrangler
8084812,760
1197868,Sonata
2130473,Aviator
2059390,GLK-Class
8450077,Spirit
5311672,X-90
9400264,Town Car
1446212,S2000
3870823,Aerostar
6080013,Matrix
3027894,Highlander
8692974,CX-7
7889984,TL
6068594,900
1632306,A8
3939289,TL
4454319,G-Series 2500
8431147,Ram 3500 Club
9846390,T100 Xtra
5703961,Th!nk
3416864,MDX
1959055,Cherokee
9848392,Suburban 1500
5137355,Lancer
4233800,Sienna
