6735816,Alvan,Kynnd,4971792
4701094,Tony,Hawe,6245162
1134603,Guthry,Dorrance,7223706
7243270,Audre,Leftbridge,6761984
6752349,Abdel,Rickson,7427380
2306462,Rebekkah,Anthon,4083281
1628077,Leoline,Voden,3156257
7264944,Jayne,Demchen,7361532
2074263,Elsworth,Matschuk,5997845
1546179,Lynnett,Stobbs,3729863
7160244,Porter,Rapaport,7788907
3973977,Aila,Gallally,7179291
2769025,Mehetabel,Mulhall,5418599
1908876,Kittie,Lawford,6689482
7442790,Charin,Helsby,5224876
1269866,Emile,Tolemache,5875112
4273269,Lucien,Carthew,3845465
4914802,Bertie,Trembley,3145068
3638755,Maureene,De Micoli,6045449
3299075,Rebecca,Oluwatoyin,8999317
6301411,Bastien,Garritley,8375701
7073192,Aluino,Lowseley,3790766
6993078,Mychal,Ciccarello,3765835
2776090,Xylia,Hustings,4235553
4186160,Herculie,Uccello,7231397
6843909,Merrill,Habgood,4531949
6945461,Spike,Swindells,6436547
6020172,Madlin,O'Hallagan,4320873
2169661,Theresita,Bischoff,7177589
6264412,Ertha,Goldes,3197384
2447954,Suzette,Chateau,6725756
7920283,Scot,Pitford,7216558
8574938,Pam,Cowser,7462816
8846164,Henderson,Milby,6614700
8996494,Joyous,Ikringill,5361060
2864895,Lennie,Grimsley,8953249
6066921,Phillipp,Selman,6515470
1444443,Shaina,Dominighi,5094865
5147512,Kata,Tume,8209867
3592973,Consolata,Ashwell,8691243
1513168,Wilhelm,Cantera,5448177
7097299,Rod,MacIllrick,4860739
4184985,Leonardo,Petschel,8051629
4537485,Spence,Glamart,5613324
5736716,Nannette,Sambidge,5042288
1267547,Martguerita,MacDunlevy,8503090
5795189,Venita,Trousdell,3769980
4344424,Ferrel,Jauncey,7321655
6538424,Hildy,Arnauduc,3253508
6908565,Abbe,Larmour,4540559
4173081,Debbi,Gillcrist,5419223
6373034,Colin,Starrs,5358860
3271623,Selinda,Labbati,3726188
4273801,Nerte,Sheldon,6816392
7012340,Kirby,Spraggon,6938721
7651461,Orren,Hodge,4859414
2189273,Teena,Melendez,5115393
4441870,Britte,Putland,3765003
6967683,Gabie,Rameaux,6813447
6014797,Erena,Bruno,6379446
4155837,Milicent,O'Nion,4746188
6646623,Ber,Fossord,7086081
1016209,Walden,Father,6272551
5821566,Nomi,Brendel,5418178
5224562,Fairleigh,Walbrook,3607245
2342425,Lela,Pitherick,8986418
7401702,Lolly,Infantino,8221305
4804178,Rice,Chapelhow,8820849
4300426,Billy,Clilverd,8297252
2965243,Tracey,Jeeves,4118301
4006456,Blancha,Witty,4744076
7055633,Skipp,Dagworthy,6742555
6541749,Sue,Franca,7512411
6504776,Dinnie,Kondrachenko,6558237
3646941,Garek,Shedden,7473810
1606023,Huntington,Gildersleeve,7571781
8990329,Katrina,Meijer,7481960
5648298,Yale,Boyen,7320112
5750807,Petra,Windaybank,6105253
1492945,Riannon,Woodcraft,8230198
2643163,Emery,Tchaikovsky,8849308
4613458,Ericka,Izat,5848927
2944213,Hector,Epinoy,3819071
3007201,Eustace,Ordemann,8837942
4044917,Laurella,Yegoshin,3404195
4469985,Ansley,McTeague,6808736
3417450,Luce,Braunton,5566451
7739126,Ignaz,Penhalurick,8699628
4324625,Howie,Carradice,3730571
6189510,Filia,Lanfranchi,4169342
4335557,Sydney,Dilland,7869789
8842145,Inger,Brounsell,7100335
5020084,Mabel,Morgon,6686327
8025053,Cammie,Gonsalvo,3836866
7426433,Witty,Quilter,3083482
1204597,Dorian,Muckloe,6895415
2626253,Anestassia,Conachie,8318339
8439830,Bunni,Dillingston,7001762
8694742,Constantine,Budibent,7870875
2452677,Nicolai,Bow,5227640
6680761,Silvester,Cleghorn,6484533
2038826,Del,Damper,7932110
2104064,Lila,Rewan,8805128
5034248,Alena,MacDirmid,3790230
2086633,Jacquenette,Gaskal,8900025
4731633,Honor,Hann,5866912
2254228,Cherish,Villiers,6757468
7553813,Corilla,Basnall,8991132
2220503,Muffin,Abramamov,8614043
6774618,George,O'Harney,4059662
8043375,Gussy,Cleminshaw,6327650
3848633,Quinn,Rosenfelt,6057201
5655122,Merridie,Aldwich,7396906
7053313,Audrey,Easdon,4450307
3065221,Ina,Budcock,4321415
8558682,Annis,Freeth,5635293
7650936,Janetta,Thomen,7203529
2306801,Maurene,Witz,6149407
5306891,Shirlene,Merkel,4314089
2510558,Eleonora,Glyne,4492647
7019522,Nevil,Cassels,7668147
1946976,Lyndsey,Rotherforth,5271128
8663733,Constancia,Bader,7070582
8480676,Rafe,Bernaert,8141880
1031904,Katha,Biss,4417256
6213372,Lara,Burtt,8436097
1735058,Lily,Vauls,7518202
5963500,Corey,Quixley,3844010
5366104,Glyn,Dowyer,8228135
8164077,Addy,Itzkovwitch,4227443
2296872,Nicol,Lubomirski,3879384
6816990,Boycie,Busswell,4972279
5915579,Lyndsie,Bernardos,8804019
4866826,Gavan,Leyband,6893866
6623542,Phil,Breach,6374108
4370433,Coriss,Alflatt,7472493
3546914,Irv,Lamblot,7103365
3940435,Myrna,St Louis,7011946
1041158,Cleveland,Sivil,8350302
2617479,Diahann,Bencher,7310878
5616352,Rossie,Kindall,6338199
8849124,Maddy,Moakson,6255466
5048395,Luther,Rogeron,7708500
6765391,Finn,Andreassen,5790789
7907077,Danica,Spratt,5454117
1234456,Eden,Applin,5922580
5630775,Billye,Mutter,4873717
4240534,Madelin,Lorenzetto,6994722
6479905,Alex,Doumenc,5979145
7526496,Olivie,Sangster,3766045
2764070,Franky,Marzellano,4697925
6937181,Annemarie,Cleveley,5387706
1371680,Priscilla,Havis,5143776
6618770,Arman,Sandyford,3260925
5974335,Angelika,Cotterel,6422054
8116674,Korrie,Meineck,5159441
5526745,Adelina,McMackin,7949549
2231746,Corabel,Reddecliffe,5750994
7662239,Aluino,Cullon,4673685
6900137,Angeli,Mourbey,5879024
5442625,Yetta,Swithenby,3771090
7883148,Ignace,Swadlen,3110828
6106826,Kessiah,Naerup,8376831
2770047,Arel,Birwhistle,8731772
3776898,Antony,Bealton,4779265
3636944,Rodi,Varrow,5145263
3639471,Audie,Kemmis,5973560
5320345,Henryetta,Spavins,8760373
4964671,Celesta,Fomichkin,6620672
4271719,Jameson,Lowther,7260455
8687955,Braden,Jerrom,3378298
8829426,Bendick,Point,5304244
3361048,Milty,Josefsohn,6613105
8022177,Amory,Bartlet,7377433
6574201,Garland,Ion,3720517
1853661,Andres,Klassmann,5238544
4042918,Putnem,Boyne,5402169
4924020,Chicky,O'Halloran,8885159
8636053,Joel,Osbiston,3222060
4755818,Torrence,Bonnin,7967287
7613628,Denver,Vezey,3020560
7177488,Theresita,Blinde,3892611
4239537,Joyan,Aasaf,5408974
5711718,Therine,Younie,5833955
5599724,Midge,Reveley,7946990
3986719,Dorise,Dickey,8769702
5573209,Noland,Portingale,3174425
1555515,Kean,Piniur,5160956
2305889,Markos,Woolway,3120315
7338551,Devlen,Grinikhinov,6547055
5383698,Starr,Shurlock,5823030
4188326,Jephthah,Ivoshin,4448413
5850759,Clementia,Terzo,4134107
5249339,Christoforo,Lude,5304424
6969444,Danella,Attwell,8689980
1651587,Midge,Knowlson,8685281
4979524,Kesley,Pask,3331911
1281776,Carline,Lomansey,7098884
7030597,Lind,Kew,5842048
3551810,Marietta,Slesser,6742646
4341693,Gerardo,Millmoe,3618926
1672266,Harriette,Gammell,3251131
7152556,Enriqueta,Langtry,8032270
4439103,Georgeanna,Eyre,8391196
8204135,Francklin,Bartoloma,4753570
8183135,Amara,Rame,3787652
4771967,Kingsly,Minnette,7762659
1506723,Ettore,Giovannardi,3506798
1957030,Zebulen,Ravilus,6980246
6729667,Staford,Lamble,5148443
5728511,Larry,Dwane,5360498
3286313,Kathryn,Allender,3842494
8676709,Clyve,Broadley,3150238
5203393,Ciel,Gustus,6082356
6248362,Gene,Twopenny,4525616
4270798,Kassia,Campkin,5279322
5188424,Leroy,Gavrieli,6559738
6454710,Leanna,Keneford,4266387
7774589,Cherey,Renault,5782931
2347641,Mada,Rubee,5508990
8870904,Candi,Aimeric,3383188
7452041,Margi,Bastiman,8108546
7895256,Yalonda,Danis,6956521
8868034,Idaline,Atling,4592859
1507220,Algernon,Fillan,4935385
5894063,Katalin,Seakes,5820537
7851319,Peder,Cromblehome,5624873
1827403,Laural,Balthasar,8050521
6007939,Deedee,Feldklein,4058917
4820730,Thaine,McEneny,3947039
2814902,Trip,Tann,7925371
1851492,Charo,Jakoubek,3608934
4491026,Garland,Creak,3705626
5834436,Dorotea,Garlic,4489597
4717031,Nola,Flanner,5615651
5197250,Ransell,Hamblen,3551816
2541851,Colver,Wauchope,4773352
6595201,Cornell,Padley,3724066
6993820,Burty,Stratford,5681985
5083967,Uta,Carey,6816128
6051494,Zoe,Buse,6340897
5195290,Sheryl,Picott,5588686
8051715,Raeann,Raffan,4221922
6752192,Verney,Stedson,3089081
5605937,Moreen,Kumar,8753840
5309596,Peirce,Hultberg,8350577
3994806,Aile,Farnin,7277794
8218387,Lorilyn,Gossage,3570948
3305773,Niccolo,Bein,7921520
7584303,Micki,Asbrey,7638616
4470206,Dyann,Caraher,4762268
1005051,Darius,Abden,6216605
2967355,Adaline,Reay,7726163
5796608,Osgood,Eeles,4667989
7545494,Teddie,Littrick,5499086
2126438,Shay,Simmens,4916030
3268662,Miof mela,Drynan,6454256
8858072,Caresa,Bilt,7881788
1864239,Egbert,Perrot,5747002
5011262,Torrin,Sunderland,5717057
1825567,Roscoe,Scuse,8509217
7463981,Astrix,felip,3447531
1193852,Mathilde,Scritch,8649186
1291307,Richard,Searson,4173933
2164346,Othilia,Conti,3695207
8647309,Rodina,Ketts,7412839
7258414,Zebedee,Holstein,3450472
3699245,Wallache,O'Fogarty,5187629
3731777,Gypsy,Burbage,4805664
5402331,Janot,Ottam,6108611
7737484,Shaun,Philbrick,7275264
3679018,Armin,Volkers,8215184
5603012,Dina,Readman,7100296
8894624,Codi,Daulton,8320612
1181273,Udall,Seleway,8909760
3543177,Nelson,Fant,6743788
5369532,Frank,Yuryaev,7106190
4422990,Ly,Castilljo,4869901
4813610,Latisha,Golton,6797271
2158507,Jocko,Ramey,7704846
1823882,Ediva,Tubble,7713993
2757400,Ainslee,Curgenuer,6115272
3519234,Gabbi,Villiers,6869603
7922475,Mace,Krelle,5642734
7641068,Lindsay,Mattinson,3623699
1604797,Harrie,Pennacci,5869535
2005271,Ysabel,Fouldes,7730767
3788023,Godard,Levane,7750301
8206672,Vinny,Moland,3158528
1262324,Ainsley,Anshell,3439486
6053553,Sal,Dubarry,6545531
1052755,Shay,Newark,7563569
7249367,Barbette,Lonsbrough,3927591
3261420,Kandace,Marrian,4698511
6287972,Herb,Death,7161005
6775198,Patty,Stiff,7758736
1832698,Iorgo,Grimsell,8685697
4659383,Isacco,Warrington,7216987
3520265,Lorri,Walster,6615092
4581267,Beverie,Paszek,4812743
5270552,Jeanelle,O'Sheeryne,7161794
4289194,Spencer,Follen,6585075
1344069,Langsdon,Kesper,5031560
5790293,Kathye,Akess,7547964
4296490,Lucian,Kynder,6583142
3380125,Marcello,Brearton,7974861
7325044,Corey,Garland,5891323
5426472,Anabal,Olenin,6204825
8253456,Budd,Boughey,8910472
7563111,Joellen,Ceeley,4588915
2148519,Ethelind,Cownden,5825888
5020709,Gaspar,Darwent,5124946
3645923,Liane,Ingram,5115053
7267355,Neall,Silk,6382608
1242623,Milt,Mitchel,8492954
6825790,Ursa,Kapiloff,4423095
2497150,Zena,Hucklesby,7746753
5290105,Leigh,Grinnikov,3108681
5810246,Tuck,Henfre,4863386
8401238,Allissa,Ponsford,4618065
1471662,Russ,Giacomoni,8666227
5483327,Kylila,Ebbles,6466144
7975828,Melloney,Gianotti,4430379
2055830,Jethro,Vasyunin,6392207
1835452,Orelia,Selbie,8024767
6219333,Norrie,Tummond,6948888
5246128,Tish,Lyvon,8451721
2456472,Nanon,Jados,6236367
4196522,Selle,Kobpac,4018536
7573671,Melodee,McPhilemy,4993721
1892340,Kleon,Ech,5612796
7590558,Madel,Nutley,3188936
1658450,Miltie,Dufaire,3312252
7784906,Chickie,Gerrets,5604905
4210958,Bentley,Shirtliff,6684131
3763118,Elicia,Coules,3130298
5964645,Lucie,Dumsday,4545379
7846543,Vern,Huxstep,3183492
2670164,Elizabeth,Dericut,6233564
8316491,Nikkie,Mosten,5914946
1352387,Juliana,Dalziell,6613830
5978901,Hersch,Doale,8688886
2748514,Yoko,Donke,7846690
4561954,Cornela,Maddie,3250227
2383494,Clare,Fairbeard,5584530
4830158,Baillie,Gowans,4242499
4835215,Grier,Jennrich,6785374
2686090,Avery,Wrightham,4586950
8610433,Andre,MacGinney,5566237
2472400,Jeanette,Vernon,4524692
8269502,Alfie,Capoun,3009984
2261920,Cherin,Tabourin,4052322
5554191,Lavina,Lovett,7834468
3188846,Stewart,Costelow,4503025
8441851,Nonnah,Alesbrook,7227805
4077474,Lamond,Meekings,4074111
7152625,Marna,De Castri,4637359
6749557,Allianora,Johnigan,8244046
2783328,Mead,Addeycott,4143797
6326496,Kalie,Lesper,7816565
8007542,Marsiella,Olivier,8394140
8777967,Consuelo,Danilov,5681113
8651110,Britney,Bootell,4601441
5062906,Clemmie,Issacoff,6776880
7206857,Othella,Sissot,8475194
2642488,Jodi,Atthow,6117412
7769661,Willamina,De La Salle,8630971
3065204,Daryle,Assinder,7151004
1575395,Marsha,Bretton,8958143
8505718,Dyanna,Wingeat,3880952
7640734,Heriberto,Strick,6108264
5978519,Tome,Vinton,6146589
2825317,Neysa,O' Quirk,7912641
3221213,Caitlin,Compfort,4773126
7186318,Hoebart,Lefwich,5843660
1447919,Kerrin,Antoszewski,6444316
1567399,Karleen,Moresby,4691373
7190541,Elisabetta,Chatten,6945725
8629715,Luella,Oxburgh,8829763
1420995,Chloette,Byron,7417206
3481778,Emmalynne,Scamerden,5884605
6418343,Brinna,Collyer,4529624
2988725,Sandie,Lemm,6414552
2678644,Alix,Seamans,3920606
6727542,Darelle,Battleson,3086333
3938557,Marius,Konerding,5155061
6699863,Noam,Wastie,4173447
7841956,Mikael,Checcuzzi,4587426
2830345,Tab,Hilliam,5221575
1368083,Myrle,Sharrier,8285133
8402406,Carling,Christofle,4467986
2834613,Webb,Kingswoode,7921674
8859867,Miller,Beades,6140138
7498481,Wilbur,Lockner,5287511
1720794,Collie,Soro,7636580
5943829,Hirsch,Draysey,6454422
3333074,Madella,Marchent,5658543
7543442,Wini,Whild,4439393
7160569,Erl,Kovacs,5455861
5188476,Matilde,Etchells,5679035
8631696,Joby,Arnholdt,6412235
2690716,Otis,Inderwick,4592641
3715690,Theo,Deeprose,8986547
2245287,Clement,Dibsdale,3740035
8686359,Brinna,O'Henecan,4510262
7722402,Bartel,Albrecht,6472835
8589153,Annabal,Kewish,5303101
2164894,Theo,Bispo,3628237
2918884,Sidney,Wagstaff,7490430
5561625,Paco,Addess,8023884
3023040,Dulcy,Cecely,5242413
3927161,Ethel,Drissell,4842142
6746522,Morry,Eyckel,7550057
5618701,Karlan,Rumgay,8445810
1610767,Abigale,Kunzel,6041318
8792137,Celestyn,Merida,7558668
2486772,Pascal,Walbridge,4072833
5641875,Lewiss,Mordin,5370615
4656335,Sybila,Roja,7612083
3422789,Ingmar,Griffen,6984614
4810472,Cosimo,Reeve,4526783
1066909,Eldridge,Clace,3790935
7058414,Karlee,Clementucci,5737771
2733406,Gaven,Sivorn,6928749
6912861,Milty,Piscopo,7660495
1257012,Powell,Lambden,7602334
1493766,Felicdad,Horry,4804609
4348367,Kerianne,Laborde,6189234
6943469,Dall,McSaul,6919052
2857688,Vin,Twycross,5877389
6803407,Osmond,Gothup,3780523
5763080,Garey,Ritchings,5452732
4291505,Alair,Raubheim,7398854
6158962,Valentia,Wimbridge,7582932
1376620,Von,Driutti,4312803
8492711,Dorothy,Lorain,4933011
2105271,Carling,Bouzek,4594634
7270060,Stillman,McTaggart,4995014
2816619,Rab,Andraud,4941841
8949122,Cris,Rieger,8243159
7273074,Clarie,Yaneev,6976815
5214261,Dominic,Ullett,7637472
4890320,Humberto,Turley,5459718
7042901,Catherina,Temperley,4263880
2260816,Saba,Sargeaunt,3021426
4409596,Camala,Hearnah,5263905
3753746,Holt,Aizkovitch,4645211
7254824,Bili,Telezhkin,7914521
3665919,Lenka,Beacock,5136445
5280503,Dwayne,Pettiward,7359444
7372284,Andonis,Menpes,4840007
2939210,Cristin,Tremayle,3938159
2837175,Cecily,Abramamov,6722644
3608150,Amil,Moodie,4915129
3034538,Tiertza,Hindrich,4955133
8203895,Dallon,Grishelyov,8821853
3400778,Willa,Tadgell,6087736
2188121,Mella,Diemer,3220634
7714494,Elora,L'argent,5289134
8137489,Elwin,Tivnan,7168817
6106026,Elia,Guidoni,4242012
8324064,Stavros,Weldrake,5777740
8678485,Cordell,Silkston,8790717
1298736,Britni,Tungate,7690234
8419481,Griselda,Double,3750322
2689036,Sumner,Dahlman,8824536
2228371,Jeno,Frances,8918442
6305581,Yasmin,Bickerdyke,8816739
3815637,Raine,Limerick,7070650
4924031,Gerda,Fitchen,4938714
7876809,Somerset,Cannavan,5551855
5315978,Theresina,Blodgett,6869721
6069655,Ham,Waggatt,8396081
5917223,Giulio,Arghent,5624395
4262783,Agatha,Wincer,7491023
5016682,Bertha,Ralston,7268877
4834826,Legra,Bradborne,3425221
8377725,Muriel,Hewes,8471303
6558471,Lucille,Werny,3852874
5226865,Currey,Mattiato,6245443
6642693,Yance,Hutton,4283834
6668968,Oliver,Rhymes,3721222
4829848,Liliane,Twittey,5093739
3680308,Kin,Levi,7523267
5586732,Hadrian,Sindell,5356444
3536454,Griff,Starte,6152883
6953734,Leslie,Anglim,4618528
1176843,Adara,Clandillon,7103132
3502131,Johnny,Inglesfield,4578522
3662512,Waring,Huson,4759610
3210040,Cindie,Bleddon,4124857
6651772,Cosme,Pfeffer,4610198
7582150,Mill,Colbran,8176228
8600462,Base,Eve,4815779
5694669,Ada,Randerson,6101053
7223186,Fernanda,Padell,8771666
1102643,Georgie,Lethieulier,4171179
8114792,Jodi,Fraczek,3874957
2467075,Mathew,Conti,8216297
7122720,Zacharia,Fenton,6631027
