4509860,Cesare,McIlhone,7209315
5009562,Tymon,Lincoln,8752415
2245165,Cilka,Della,8667056
4159344,Dinnie,Jann,5797193
8902082,Garrott,Duligall,4655027
8726576,Gilda,Frewer,3577047
4523682,Izzy,Langstone,5982468
4866902,Alfonse,Wagon,3944231
4531258,Aimee,Royan,8239245
2610271,Stanislas,Filpi,3971633
6015421,Janith,Carren,5119342
3614189,Grace,Frobisher,8523280
7588046,Robin,Leggitt,3824463
1227769,Oliviero,Chaudhry,8672384
8963945,Baldwin,Bythell,7911446
2262272,Sukey,Wingeatt,6688108
6318857,Gweneth,Blaby,3110451
8364515,Pet,O'Mailey,7722543
3360305,Veradis,Larcombe,6790704
5183520,Tam,Corkhill,3143321
5268072,Ilene,Jeremaes,3920367
6661590,Corry,Tomblings,8923418
6489195,Oralie,Tack,4288726
8159021,Alanah,Benedek,4572074
7338925,Daisi,Sutterfield,4681932
7832158,Stevie,Daton,5592346
5748890,Aimil,Dore,4300107
6549811,Melvyn,Galland,5341437
7799685,Jameson,Reimer,6850950
3574301,Bradney,Rendle,4479049
1982829,Byran,Eatock,3650761
2555776,Sanson,Roff,8513895
3996356,Odelle,Robiot,3856412
7460852,Guendolen,Greed,3027306
5307072,Farah,Antonucci,6134461
3221640,Grethel,Monk,6997196
4533236,Sarena,Harberer,6857640
7966316,Abner,McCarle,5595540
8537183,Miguela,Rasher,3973617
1506790,Melina,Fitzackerley,8695081
2634772,Jerad,Hamelyn,8767537
4740686,Bethany,Noods,4298519
3940349,Eugenia,Murray,4957713
6747673,Lacey,Heaslip,3942862
4914385,Tommie,Noir,5629818
8237556,Lock,Jedrzejewsky,8880890
4308762,Felicle,Schukraft,4549522
4505741,Traver,Le Monnier,5612079
6383819,Gayel,Colloby,8618451
5615002,Delphinia,Rosgen,5291389
2957141,Timmy,Getley,3895926
2965774,Tabor,Semerad,3886101
7809128,Merline,de Najera,5727684
5603573,Karina,Waterdrinker,4742592
6503004,Sheila-kathryn,Vashchenko,5099880
6241258,Junina,Bruneau,6879600
6542063,Staci,Double,7130715
7881460,Kellsie,Gatchel,6452787
8734012,Wang,Guitt,3229296
4469389,Batsheva,Devlin,4081363
2832967,Bird,Pulbrook,5420192
5273963,Job,Tregunna,6437827
2934413,Lizzie,Rospars,6510032
3811315,Anabella,Rief,3665909
8872896,Oralia,Kacheller,4881629
2237148,Mayne,Screach,3099093
8098403,Barbe,Baulk,3860296
1711983,Lucio,Johnys,5172209
6581695,Eleen,Rozalski,3709680
7280708,Adriana,Dudderidge,8207446
8379350,Zeke,Aisman,4580129
2060165,Antoinette,Messham,6516790
4420117,Cristal,Baverstock,8812490
5841855,Temp,O'Doherty,5644491
2237110,Anthony,Balassi,7617988
6034827,Alessandro,Blackstone,6582325
1485813,Salomo,Klaes,4707753
2381900,Angel,Clarey,8125947
3701258,Felisha,Tutchell,5780477
7509509,Yolane,Nathan,3336875
5701441,Dasha,Brahan,8916805
1627585,Lonna,Bagnell,8250292
1042467,Oona,Scottrell,4491248
2154041,Neal,Arber,8025868
4123767,Mel,Avent,6997174
6647790,Ninette,Guillard,5084555
8859525,Jemima,Cosby,3936967
6396968,Rene,Floris,7989144
3467730,Lionel,Branche,7854853
5296908,Melany,Augur,5392335
5519043,Elle,Apfler,5512671
2100637,Zack,Jaze,3475625
1817448,Alfreda,MacMichael,4923549
5864199,Orsa,Cousins,6411786
7373458,Iorgo,Casburn,4175874
3260651,Faith,MacBain,7775299
1557004,Clarey,Kinner,4728113
6087379,Ruthy,Gauler,5514360
6601188,Ruby,Millins,7422830
4713786,Dave,Fane,5602447
8244419,Cari,Toope,7652281
8148868,Moll,Bullivent,6913526
4666096,Flint,Chetwynd,8130669
6790559,Ricardo,Lytton,8471663
8482791,Fayette,Jopson,8189812
6555180,Tad,Dooney,5833753
1823197,Welsh,Eriksson,7472060
5954946,Iain,Wormell,5838645
5285801,Sawyer,Powelee,8307134
1211042,Lorena,Crossman,7581077
1422103,Claiborne,Sainter,5344322
5834869,Mandy,Schmuhl,3184735
1018166,Jonas,Bowlands,4821156
3929206,Wylma,Southgate,3089404
6208497,Kiri,Kiln,7833112
8810411,Joby,Jacke,3475898
6378810,Dunc,McFarlan,3046337
3831411,Nevin,Greensted,8130585
7065861,Kelsey,Pinnigar,7098091
6656500,Meredeth,Forton,7662998
4653605,Trev,Kieran,5553005
8164767,Keir,Mates,4833712
3820197,Raimund,Kingham,3831567
3900940,Clotilda,Bazoge,5065345
7587767,Aindrea,Lambourne,4851778
5105922,Elfrida,Summerbell,7247633
1250372,Codie,Huncote,7908709
7376163,Fayina,McAllister,4205459
2638811,Brigham,Hewes,4454794
7377856,Claiborn,Handrik,3870750
8844184,Joella,Beckerleg,4707995
7889392,Dalt,Luckcock,4512711
4599519,Taber,Mazey,3265295
7425609,Wain,Dulson,5756518
7572799,Elisabet,Abela,3280456
7473331,Filide,Joderli,6835302
4100246,Merry,McMenemy,3836353
7419447,Edward,Lumpkin,7399530
1677316,Constantine,Newsham,7430682
2395687,Gwenore,Inchan,7237425
8492530,Noble,Mockett,8190538
5671895,Billy,Balfe,5422590
4194614,Emelia,Stolli,5652492
4027660,Caro,Davinet,4922709
7774987,Devina,Rummer,4512809
6724841,Grissel,Torregiani,5509571
8959413,Ingrid,Wickham,6234695
5382389,Chanda,Conner,3591723
8516486,Robina,Downage,4939951
7990958,Bobbe,Tottman,4223273
1111313,Faustine,Bowgen,6752625
7721414,Baryram,Agass,8301365
3545993,Inglebert,Crowhurst,6448000
7955834,Kaylyn,Dumbell,4561270
3613587,Elva,Kryzhov,5295001
5851909,Wynne,Havvock,8704920
1794611,Fons,Mauvin,6339191
7520290,Adelbert,Redwing,8044702
5673827,Heda,Freschi,7693805
3840772,Cello,Spradbery,6438553
6299548,Carmine,Jandera,7217688
6093775,Liam,Laybourn,4650209
6620734,Helenka,Barends,8657180
7922170,Layla,Scragg,3503526
2408908,Dorey,Willcocks,8702887
4400852,Jaquelyn,Galler,6024452
1123167,Annmaria,Durand,6456976
4005531,Kellen,Ellery,5552400
8844316,Stacy,Carnie,4272657
8018190,Lemmy,Greathead,3892849
6548984,Cherye,Hartopp,3235030
2588036,Myrtice,Tonks,8034431
2580934,Henry,Inston,5666968
7058543,Christiano,Peckett,5588710
1627469,Randolph,Bison,8181582
7219723,Virgilio,Castagnier,4242364
6910484,Cory,Jerzycowski,3943154
2371179,Erminie,Kigelman,5686819
3702768,Jorry,Faichnie,7401927
6227239,Olin,McIlvaney,8750767
6679454,Lisetta,Nudd,8963952
8194928,Melonie,Finnis,8237979
1206632,Perri,Sturgeon,7230214
4001561,Heath,Nestoruk,6105841
3759621,Brand,Trazzi,7373475
4849453,Hieronymus,Garmston,5640129
7065365,Jessy,Sotworth,6153144
6981426,Vonni,Goakes,8979794
7652381,Mada,Cuseick,3640749
6740846,Catlaina,Norkutt,5145755
5571321,Isidore,Blindermann,8699028
1016493,Wald,Botwright,7637766
7069124,Seymour,Flinders,5742776
6910280,Tresa,Simeoni,8577912
8019938,Janos,Spleving,6530598
8758231,Hogan,Sharpin,3799179
3348385,Meggie,Fradson,7463039
4744456,Viole,Fieller,6619921
2637634,Nona,Gurley,8922602
7528836,Timmy,Vurley,6532837
3915320,Sutherlan,Hursthouse,5279939
2715612,Codie,Savine,7418990
2846670,Kelly,Gammie,6265384
4582311,Consalve,MacGregor,4271283
4321210,Leonora,Jest,7819546
4994628,Roi,Castelli,3902883
6165530,Raynell,Edmund,8075971
3112673,Engelbert,Guidelli,7729055
4363545,Danell,Harral,4217298
7883376,Lane,Prium,4180333
7329713,Devlen,Suffe,8529661
7885912,Amity,Piecha,7259310
5666569,Duke,Franken,8334662
1850188,Alvin,Garoghan,8842931
5242793,Aprilette,Riping,7191379
1560743,Marietta,Cumberbatch,3109217
5360234,Gwynne,Simonou,4774792
5759853,Pete,Orth,5531634
3412718,Stormy,Pouck,5496770
7123140,Lorenzo,Arber,3097321
4518118,Lorry,Walklate,3207476
1811908,Rosalyn,Gouldbourn,6940172
2555515,Riki,Diwell,6817509
2677047,Clarine,Brun,5561667
5177930,Nadia,Labro,3629161
8556717,Kristyn,Keysall,3440848
2836386,Deva,Desouza,8203998
1368330,Romonda,Basketter,3781652
6474664,Lay,McCarle,6143643
5029595,Gram,Bjerkan,8886125
3836188,Augustine,Brigshaw,5443517
4556150,Maiga,Lush,3494467
1183213,Cob,Humbee,3437480
8602148,Allison,Piscotti,5558480
1047088,Maggy,Wix,8081875
2132721,Heidie,Ortler,8386311
3017106,Eugenia,Ogilvy,4555933
3502672,Allegra,Probbing,8786102
8019706,Craggie,Lynch,3601239
1604868,Johann,Thurlbourne,6084184
4545174,Lorianne,Carff,8106000
5927125,Minta,Onyon,8634924
7777895,Dannye,Farquarson,4082732
7146112,Appolonia,Aspinal,5404829
8617431,Hi,Odney,4791362
4351644,Emlynn,Murfett,8477764
5040933,Granger,Deaves,3751275
3878527,Miquela,Van Der Vlies,5745373
6627437,Curt,Seawright,8727329
4881683,Foster,Doerr,5354567
3004513,Marcos,Ferguson,6738378
7274626,Trenna,Limpkin,5815003
2961508,Cleon,Nast,3651118
5861758,Jens,Slyvester,3996750
1584047,Anjela,Rihosek,7655853
8109563,Petunia,Thirlaway,6254562
4735842,Persis,MacCurtain,6600698
1882617,Rab,Eaden,6328720
2881678,Scarlett,Rydeard,3268937
4568890,Martina,Sneyd,3260468
6666139,Selie,Huyghe,6296429
5185786,Monti,Haycroft,5683035
8857510,Alfred,Piddock,6913593
3178302,Jeramey,Hamblyn,8341882
2302392,Kary,McKag,3517598
6150124,Britt,Cruttenden,7016051
1157838,Valeria,Strike,8579663
1753354,Helyn,Firle,8647573
1365094,Ebony,Heliet,5726153
7383022,Margarete,Sparwell,6141892
8702641,Jasmin,Asple,3448862
3228621,Jocelyn,Bailey,7764170
4198808,Prue,Orbine,3015187
7091102,Phedra,McDermott,8338503
3272518,Caren,Entwhistle,6700686
3501483,Julieta,Nesbit,3332227
3592668,Alyda,Tall,5836957
5055336,Minna,Bard,4789002
2417726,Niko,Bromell,3324430
1659048,Charlie,Camellini,5243423
6991046,Briana,Symondson,8841643
2429105,Sallie,Bateman,5761149
7302954,Doralia,Sherer,4248751
1231417,Sander,Laughlan,4075043
6924878,Oralle,Angrick,4237879
1350942,Kaycee,Cutting,8133228
3618458,Ashly,Copnall,7012562
7200756,Lydon,Barrows,7679935
2416639,Ava,Elwin,8473080
6030529,Ripley,Haselden,4916223
7009799,Massimiliano,Beldam,8433855
3893287,Zorina,Whorlow,8628124
2209489,Gert,Cottie,6966621
3981043,Hercule,Castellucci,8865270
1138654,Lilah,Epinoy,6226787
2414978,Rae,Marchelli,4016607
5752322,Patrick,Corbett,3483290
3053105,Goober,Manneville,7671952
7329786,Virgie,Losemann,4040758
6847699,Morris,Norvill,8916134
